<config>
	<append xpath="/xui/ruleset">
		<!-- === TMO_AdvancedAutoMiner === -->
		<window_group name="workstation_TMO_AdvancedAutoMiner"
		              controller="XUiC_WorkstationWindowGroup"
		              close_compass_on_open="true">
			<window name="windowCraftingList"/>
			<window name="craftingInfoPanel"/>
			<window name="windowCraftingQueue"/>
			<window name="windowOutput"/>
			<window name="windowNonPagingHeader"/>
			<window name="windowToolsTMO_AdvancedAutoMiner"/>
			<window name="windowBackpack"/>
		</window_group>
	</append>
</config>
