<config>
	<append xpath="/blocks">
		<block name="TMO_HardenedChestSecure_Player">
			<property name="Stacknumber" value="25"/>
			<property name="SellableToTrader" value="false"/>
			<property name="Extends" value="cntHardenedChestSecure" param1="LootList,LockPickItem,LockPickTime,LockPickBreakChance,Tags,DowngradeBlock"/>
			<property name="Class" value="SecureLoot"/>
			<property name="Tags" value="secure"/>
			<property name="LootList" value="SmallStorageHardened"/>
			<property name="CustomIcon" value="cntHardenedChestSecure"/>
			<property name="ItemTypeIcon" value="lock"/>
			<property name="EconomicValue" value="0"/>
			<property name="MaxDamage" value="10000"/>
			<property name="CanPickup" value="true"/>
			<property name="TakeDelay" value="5"/>
			<property class="RepairItems">
				<property name="resourceForgedIron" value="10"/>
			</property>
			<property name="DowngradeBlock" value="TMO_HardenedChestInsecure_Player"/>
			<property name="SortOrder1" value="B105"/>
			<property name="SortOrder2" value="0005"/>
		</block>
		<block name="TMO_HardenedChestInsecure_Player">
			<property name="Extends" value="cntHardenedChestInsecure" param1="LootList,LockPickItem,LockPickTime,LockPickBreakChance,Tags,DowngradeBlock"/>
			<property name="CreativeMode" value="None"/>
			<property name="Class" value="Loot"/>
			<property name="CustomIcon" value="cntHardenedChestSecure"/>
			<property name="LootList" value="SmallStorageHardened"/>
			<property class="RepairItems">
				<property name="resourceForgedIron" value="10"/>
			</property>
			<property name="SortOrder1" value="B106"/>
			<property name="SortOrder2" value="0005"/>
						<drop event="Destroy" name="TMO_HardenedChestVariantHelper" count="1"/>
		<drop event="Harvest" name="resourceScrapIron" count="0"/>

		</block>
		<block name="TMO_HardenedChestSecure_Orange">
			<property name="Extends" value="TMO_HardenedChestSecure_Player"/>
			<property name="DowngradeBlock" value="TMO_HardenedChestInsecure_Orange"/>
			<property name="CustomIconTint" value="F28C38"/>
			<property name="TintColor" value="F28C38"/>
		</block>
		<block name="TMO_HardenedChestInsecure_Orange">
			<property name="Extends" value="TMO_HardenedChestInsecure_Player"/>
			<property name="CustomIconTint" value="F28C38"/>
			<property name="TintColor" value="F28C38"/>
		</block>
		<block name="TMO_HardenedChestSecure_Grey">
			<property name="Extends" value="TMO_HardenedChestSecure_Player"/>
			<property name="DowngradeBlock" value="TMO_HardenedChestInsecure_Grey"/>
			<property name="CustomIconTint" value="7A7A7A"/>
			<property name="TintColor" value="5C5C5C"/>
		</block>
		<block name="TMO_HardenedChestInsecure_Grey">
			<property name="Extends" value="TMO_HardenedChestInsecure_Player"/>
			<property name="CustomIconTint" value="7A7A7A"/>
			<property name="TintColor" value="5C5C5C"/>
		</block>
		<block name="TMO_HardenedChestSecure_Green">
			<property name="Extends" value="TMO_HardenedChestSecure_Player"/>
			<property name="DowngradeBlock" value="TMO_HardenedChestInsecure_Green"/>
			<property name="CustomIconTint" value="00B32D"/>
			<property name="TintColor" value="00B32D"/>
		</block>
		<block name="TMO_HardenedChestInsecure_Green">
			<property name="Extends" value="TMO_HardenedChestInsecure_Player"/>
			<property name="CustomIconTint" value="00B32D"/>
			<property name="TintColor" value="00B32D"/>
		</block>
		<block name="TMO_HardenedChestSecure_Blue">
			<property name="Extends" value="TMO_HardenedChestSecure_Player"/>
			<property name="DowngradeBlock" value="TMO_HardenedChestInsecure_Blue"/>
			<property name="CustomIconTint" value="1E90FF"/>
			<property name="TintColor" value="1E90FF"/>
		</block>
		<block name="TMO_HardenedChestInsecure_Blue">
			<property name="Extends" value="TMO_HardenedChestInsecure_Player"/>
			<property name="CustomIconTint" value="1E90FF"/>
			<property name="TintColor" value="1E90FF"/>
		</block>
		<block name="TMO_HardenedChestSecure_Red">
			<property name="Extends" value="TMO_HardenedChestSecure_Player"/>
			<property name="DowngradeBlock" value="TMO_HardenedChestInsecure_Red"/>
			<property name="CustomIconTint" value="D32F2F"/>
			<property name="TintColor" value="D32F2F"/>
		</block>
		<block name="TMO_HardenedChestInsecure_Red">
			<property name="Extends" value="TMO_HardenedChestInsecure_Player"/>
			<property name="CustomIconTint" value="D32F2F"/>
			<property name="TintColor" value="D32F2F"/>
		</block>
		<block name="TMO_HardenedChestSecure_Yellow">
			<property name="Extends" value="TMO_HardenedChestSecure_Player"/>
			<property name="DowngradeBlock" value="TMO_HardenedChestInsecure_Yellow"/>
			<property name="CustomIconTint" value="FFEB3B"/>
			<property name="TintColor" value="FFEB3B"/>
		</block>
		<block name="TMO_HardenedChestInsecure_Yellow">
			<property name="Extends" value="TMO_HardenedChestInsecure_Player"/>
			<property name="CustomIconTint" value="FFEB3B"/>
			<property name="TintColor" value="FFEB3B"/>
		</block>
		<block name="TMO_HardenedChestSecure_Purple">
			<property name="Extends" value="TMO_HardenedChestSecure_Player"/>
			<property name="DowngradeBlock" value="TMO_HardenedChestInsecure_Purple"/>
			<property name="CustomIconTint" value="9C27B0"/>
			<property name="TintColor" value="9C27B0"/>
		</block>
		<block name="TMO_HardenedChestInsecure_Purple">
			<property name="Extends" value="TMO_HardenedChestInsecure_Player"/>
			<property name="CustomIconTint" value="9C27B0"/>
			<property name="TintColor" value="9C27B0"/>
		</block>
		<block name="TMO_HardenedChestSecure_Teal">
			<property name="Extends" value="TMO_HardenedChestSecure_Player"/>
			<property name="DowngradeBlock" value="TMO_HardenedChestInsecure_Teal"/>
			<property name="CustomIconTint" value="26C6DA"/>
			<property name="TintColor" value="26C6DA"/>
		</block>
		<block name="TMO_HardenedChestInsecure_Teal">
			<property name="Extends" value="TMO_HardenedChestInsecure_Player"/>
			<property name="CustomIconTint" value="26C6DA"/>
			<property name="TintColor" value="26C6DA"/>
		</block>
		<block name="TMO_HardenedChestSecure_Pink">
			<property name="Extends" value="TMO_HardenedChestSecure_Player"/>
			<property name="DowngradeBlock" value="TMO_HardenedChestInsecure_Pink"/>
			<property name="CustomIconTint" value="F06292"/>
			<property name="TintColor" value="F06292"/>
		</block>
		<block name="TMO_HardenedChestInsecure_Pink">
			<property name="Extends" value="TMO_HardenedChestInsecure_Player"/>
			<property name="CustomIconTint" value="F06292"/>
			<property name="TintColor" value="F06292"/>
		</block>
		<block name="TMO_HardenedChestSecure_White">
			<property name="Extends" value="TMO_HardenedChestSecure_Player"/>
			<property name="DowngradeBlock" value="TMO_HardenedChestInsecure_White"/>
			<property name="CustomIconTint" value="E0E0E0"/>
			<property name="TintColor" value="F5F5F5"/>
		</block>
		<block name="TMO_HardenedChestInsecure_White">
			<property name="Extends" value="TMO_HardenedChestInsecure_Player"/>
			<property name="CustomIconTint" value="E0E0E0"/>
			<property name="TintColor" value="F5F5F5"/>
		</block>
		<block name="TMO_HardenedChestSecure_Brown">
			<property name="Extends" value="TMO_HardenedChestSecure_Player"/>
			<property name="DowngradeBlock" value="TMO_HardenedChestInsecure_Brown"/>
			<property name="CustomIconTint" value="A0522D"/>
			<property name="TintColor" value="A0522D"/>
		</block>
		<block name="TMO_HardenedChestInsecure_Brown">
			<property name="Extends" value="TMO_HardenedChestInsecure_Player"/>
			<property name="CustomIconTint" value="A0522D"/>
			<property name="TintColor" value="A0522D"/>
		</block>
		<block name="TMO_HardenedChestSecure_Lime">
			<property name="Extends" value="TMO_HardenedChestSecure_Player"/>
			<property name="DowngradeBlock" value="TMO_HardenedChestInsecure_Lime"/>
			<property name="CustomIconTint" value="AEEA00"/>
			<property name="TintColor" value="AEEA00"/>
		</block>
		<block name="TMO_HardenedChestInsecure_Lime">
			<property name="Extends" value="TMO_HardenedChestInsecure_Player"/>
			<property name="CustomIconTint" value="AEEA00"/>
			<property name="TintColor" value="AEEA00"/>
		</block>
		<block name="TMO_HardenedChestSecure_Navy">
			<property name="Extends" value="TMO_HardenedChestSecure_Player"/>
			<property name="DowngradeBlock" value="TMO_HardenedChestInsecure_Navy"/>
			<property name="CustomIconTint" value="0D47A1"/>
			<property name="TintColor" value="0D47A1"/>
		</block>
		<block name="TMO_HardenedChestInsecure_Navy">
			<property name="Extends" value="TMO_HardenedChestInsecure_Player"/>
			<property name="CustomIconTint" value="0D47A1"/>
			<property name="TintColor" value="0D47A1"/>
		</block>
		<block name="TMO_HardenedChestSecure_Gold">
			<property name="Extends" value="TMO_HardenedChestSecure_Player"/>
			<property name="DowngradeBlock" value="TMO_HardenedChestInsecure_Gold"/>
			<property name="CustomIconTint" value="FFC107"/>
			<property name="TintColor" value="FFC107"/>
		</block>
		<block name="TMO_HardenedChestInsecure_Gold">
			<property name="Extends" value="TMO_HardenedChestInsecure_Player"/>
			<property name="CustomIconTint" value="FFC107"/>
			<property name="TintColor" value="FFC107"/>
		</block>
		<block name="TMO_HardenedChestSecure_FieryRed">
			<property name="Extends" value="TMO_HardenedChestSecure_Player"/>
			<property name="DowngradeBlock" value="TMO_HardenedChestInsecure_FieryRed"/>
			<property name="CustomIconTint" value="E64A19"/>
			<property name="TintColor" value="E64A19"/>
		</block>
		<block name="TMO_HardenedChestInsecure_FieryRed">
			<property name="Extends" value="TMO_HardenedChestInsecure_Player"/>
			<property name="CustomIconTint" value="E64A19"/>
			<property name="TintColor" value="E64A19"/>
		</block>
		<!-- Variant Helper for Small Crate -->
		<block name="TMO_HardenedChestVariantHelper">
			<property name="ItemTypeIcon" value="star"/>
			<property name="CanPickup" value="true"/>
			<property name="TakeDelay" value="5"/>
			<property name="Stacknumber" value="25"/>
			<property name="SellableToTrader" value="false"/>
			<property name="Extends" value="TMO_HardenedChestSecure_Player"/>
			<property name="CreativeMode" value="Player"/>
			<property name="ItemTypeIcon" value="all_blocks"/>
			<property name="DescriptionKey" value="blockVariantHelperGroupDesc"/>
			<property name="PickupJournalEntry" value="shapeMenuTip"/>
			<property name="SelectAlternates" value="true"/>
			<property name="PlaceAltBlockValue" value="TMO_HardenedChestSecure_Player,TMO_HardenedChestSecure_Orange,TMO_HardenedChestSecure_Grey,TMO_HardenedChestSecure_Green,TMO_HardenedChestSecure_Blue,TMO_HardenedChestSecure_Red,TMO_HardenedChestSecure_Yellow,TMO_HardenedChestSecure_Purple,TMO_HardenedChestSecure_Teal,TMO_HardenedChestSecure_Pink,TMO_HardenedChestSecure_White,TMO_HardenedChestSecure_Brown,TMO_HardenedChestSecure_Lime,TMO_HardenedChestSecure_Navy,TMO_HardenedChestSecure_Gold,TMO_HardenedChestSecure_FieryRed"/>
			<property name="SortOrder1" value="U200"/>
			<property name="SortOrder2" value="0001"/>
			<property name="Group" value="Decor/Miscellaneous"/>
			<property name="FilterTags" value="MC_building,SC_loot,MC_playerBlocks,SC_playerHelpers"/>
		</block>
		<!-- ========================================================================================================= -->
		<!-- ========================================================================================================= -->
		<!-- ========================================================================================================= -->
		<!-- ========================================================================================================= -->
		<!-- Base Secure T5 -->
		<block name="TMO_HardenedChestSecureT5_Player">
			<property name="Stacknumber" value="25"/>
			<property name="SellableToTrader" value="false"/>
			<property name="Extends" value="cntHardenedChestSecureT5" param1="LootList,Tags,DowngradeBlock"/>
			<property name="Class" value="SecureLoot"/>
			<property name="Tags" value="secure"/>
			<property name="LootList" value="LargeStorageHardened"/>
			<property name="CustomIcon" value="cntHardenedChestSecureT5"/>
			<property name="ItemTypeIcon" value="lock"/>
			<property name="EconomicValue" value="0"/>
			<property name="MaxDamage" value="20000"/>
			<property name="CanPickup" value="true"/>
			<property name="TakeDelay" value="5"/>
			<property class="RepairItems">
				<property name="resourceForgedSteel" value="20"/>
			</property>
			<property name="DowngradeBlock" value="TMO_HardenedChestInsecureT5_Player"/>
			<property name="SortOrder1" value="B107"/>
			<property name="SortOrder2" value="0005"/>
		</block>
		<!-- Base Insecure T5 -->
		<block name="TMO_HardenedChestInsecureT5_Player">
			<property name="Extends" value="cntHardenedChestInsecureT5" param1="LootList,Tags"/>
			<property name="CreativeMode" value="None"/>
			<property name="Class" value="Loot"/>
			<property name="CustomIcon" value="cntHardenedChestSecureT5"/>
			<property name="LootList" value="LargeStorageHardened"/>
			<property class="RepairItems">
				<property name="resourceForgedSteel" value="20"/>
			</property>
			<property name="SortOrder1" value="B108"/>
			<property name="SortOrder2" value="0005"/>
						<drop event="Destroy" name="TMO_HardenedChestVariantHelperT5" count="1"/>
		<drop event="Harvest" name="resourceScrapIron" count="0"/>

		</block>
		<block name="TMO_HardenedChestSecureT5_Orange">
			<property name="Extends" value="TMO_HardenedChestSecureT5_Player"/>
			<property name="DowngradeBlock" value="TMO_HardenedChestInsecureT5_Orange"/>
			<property name="CustomIconTint" value="F28C38"/>
			<property name="TintColor" value="F28C38"/>
		</block>
		<block name="TMO_HardenedChestInsecureT5_Orange">
			<property name="Extends" value="TMO_HardenedChestInsecureT5_Player"/>
			<property name="CustomIconTint" value="F28C38"/>
			<property name="TintColor" value="F28C38"/>
		</block>
		<block name="TMO_HardenedChestSecureT5_Grey">
			<property name="Extends" value="TMO_HardenedChestSecureT5_Player"/>
			<property name="DowngradeBlock" value="TMO_HardenedChestInsecureT5_Grey"/>
			<property name="CustomIconTint" value="7A7A7A"/>
			<property name="TintColor" value="5C5C5C"/>
		</block>
		<block name="TMO_HardenedChestInsecureT5_Grey">
			<property name="Extends" value="TMO_HardenedChestInsecureT5_Player"/>
			<property name="CustomIconTint" value="7A7A7A"/>
			<property name="TintColor" value="5C5C5C"/>
		</block>
		<block name="TMO_HardenedChestSecureT5_Green">
			<property name="Extends" value="TMO_HardenedChestSecureT5_Player"/>
			<property name="DowngradeBlock" value="TMO_HardenedChestInsecureT5_Green"/>
			<property name="CustomIconTint" value="00B32D"/>
			<property name="TintColor" value="00B32D"/>
		</block>
		<block name="TMO_HardenedChestInsecureT5_Green">
			<property name="Extends" value="TMO_HardenedChestInsecureT5_Player"/>
			<property name="CustomIconTint" value="00B32D"/>
			<property name="TintColor" value="00B32D"/>
		</block>
		<block name="TMO_HardenedChestSecureT5_Blue">
			<property name="Extends" value="TMO_HardenedChestSecureT5_Player"/>
			<property name="DowngradeBlock" value="TMO_HardenedChestInsecureT5_Blue"/>
			<property name="CustomIconTint" value="1E90FF"/>
			<property name="TintColor" value="1E90FF"/>
		</block>
		<block name="TMO_HardenedChestInsecureT5_Blue">
			<property name="Extends" value="TMO_HardenedChestInsecureT5_Player"/>
			<property name="CustomIconTint" value="1E90FF"/>
			<property name="TintColor" value="1E90FF"/>
		</block>
		<block name="TMO_HardenedChestSecureT5_Red">
			<property name="Extends" value="TMO_HardenedChestSecureT5_Player"/>
			<property name="DowngradeBlock" value="TMO_HardenedChestInsecureT5_Red"/>
			<property name="CustomIconTint" value="D32F2F"/>
			<property name="TintColor" value="D32F2F"/>
		</block>
		<block name="TMO_HardenedChestInsecureT5_Red">
			<property name="Extends" value="TMO_HardenedChestInsecureT5_Player"/>
			<property name="CustomIconTint" value="D32F2F"/>
			<property name="TintColor" value="D32F2F"/>
		</block>
		<block name="TMO_HardenedChestSecureT5_Yellow">
			<property name="Extends" value="TMO_HardenedChestSecureT5_Player"/>
			<property name="DowngradeBlock" value="TMO_HardenedChestInsecureT5_Yellow"/>
			<property name="CustomIconTint" value="FFEB3B"/>
			<property name="TintColor" value="FFEB3B"/>
		</block>
		<block name="TMO_HardenedChestInsecureT5_Yellow">
			<property name="Extends" value="TMO_HardenedChestInsecureT5_Player"/>
			<property name="CustomIconTint" value="FFEB3B"/>
			<property name="TintColor" value="FFEB3B"/>
		</block>
		<block name="TMO_HardenedChestSecureT5_Purple">
			<property name="Extends" value="TMO_HardenedChestSecureT5_Player"/>
			<property name="DowngradeBlock" value="TMO_HardenedChestInsecureT5_Purple"/>
			<property name="CustomIconTint" value="9C27B0"/>
			<property name="TintColor" value="9C27B0"/>
		</block>
		<block name="TMO_HardenedChestInsecureT5_Purple">
			<property name="Extends" value="TMO_HardenedChestInsecureT5_Player"/>
			<property name="CustomIconTint" value="9C27B0"/>
			<property name="TintColor" value="9C27B0"/>
		</block>
		<block name="TMO_HardenedChestSecureT5_Teal">
			<property name="Extends" value="TMO_HardenedChestSecureT5_Player"/>
			<property name="DowngradeBlock" value="TMO_HardenedChestInsecureT5_Teal"/>
			<property name="CustomIconTint" value="26C6DA"/>
			<property name="TintColor" value="26C6DA"/>
		</block>
		<block name="TMO_HardenedChestInsecureT5_Teal">
			<property name="Extends" value="TMO_HardenedChestInsecureT5_Player"/>
			<property name="CustomIconTint" value="26C6DA"/>
			<property name="TintColor" value="26C6DA"/>
		</block>
		<block name="TMO_HardenedChestSecureT5_Pink">
			<property name="Extends" value="TMO_HardenedChestSecureT5_Player"/>
			<property name="DowngradeBlock" value="TMO_HardenedChestInsecureT5_Pink"/>
			<property name="CustomIconTint" value="F06292"/>
			<property name="TintColor" value="F06292"/>
		</block>
		<block name="TMO_HardenedChestInsecureT5_Pink">
			<property name="Extends" value="TMO_HardenedChestInsecureT5_Player"/>
			<property name="CustomIconTint" value="F06292"/>
			<property name="TintColor" value="F06292"/>
		</block>
		<block name="TMO_HardenedChestSecureT5_White">
			<property name="Extends" value="TMO_HardenedChestSecureT5_Player"/>
			<property name="DowngradeBlock" value="TMO_HardenedChestInsecureT5_White"/>
			<property name="CustomIconTint" value="E0E0E0"/>
			<property name="TintColor" value="F5F5F5"/>
		</block>
		<block name="TMO_HardenedChestInsecureT5_White">
			<property name="Extends" value="TMO_HardenedChestInsecureT5_Player"/>
			<property name="CustomIconTint" value="E0E0E0"/>
			<property name="TintColor" value="F5F5F5"/>
		</block>
		<block name="TMO_HardenedChestSecureT5_Brown">
			<property name="Extends" value="TMO_HardenedChestSecureT5_Player"/>
			<property name="DowngradeBlock" value="TMO_HardenedChestInsecureT5_Brown"/>
			<property name="CustomIconTint" value="A0522D"/>
			<property name="TintColor" value="A0522D"/>
		</block>
		<block name="TMO_HardenedChestInsecureT5_Brown">
			<property name="Extends" value="TMO_HardenedChestInsecureT5_Player"/>
			<property name="CustomIconTint" value="A0522D"/>
			<property name="TintColor" value="A0522D"/>
		</block>
		<block name="TMO_HardenedChestSecureT5_Lime">
			<property name="Extends" value="TMO_HardenedChestSecureT5_Player"/>
			<property name="DowngradeBlock" value="TMO_HardenedChestInsecureT5_Lime"/>
			<property name="CustomIconTint" value="AEEA00"/>
			<property name="TintColor" value="AEEA00"/>
		</block>
		<block name="TMO_HardenedChestInsecureT5_Lime">
			<property name="Extends" value="TMO_HardenedChestInsecureT5_Player"/>
			<property name="CustomIconTint" value="AEEA00"/>
			<property name="TintColor" value="AEEA00"/>
		</block>
		<block name="TMO_HardenedChestSecureT5_Navy">
			<property name="Extends" value="TMO_HardenedChestSecureT5_Player"/>
			<property name="DowngradeBlock" value="TMO_HardenedChestInsecureT5_Navy"/>
			<property name="CustomIconTint" value="0D47A1"/>
			<property name="TintColor" value="0D47A1"/>
		</block>
		<block name="TMO_HardenedChestInsecureT5_Navy">
			<property name="Extends" value="TMO_HardenedChestInsecureT5_Player"/>
			<property name="CustomIconTint" value="0D47A1"/>
			<property name="TintColor" value="0D47A1"/>
		</block>
		<block name="TMO_HardenedChestSecureT5_Gold">
			<property name="Extends" value="TMO_HardenedChestSecureT5_Player"/>
			<property name="DowngradeBlock" value="TMO_HardenedChestInsecureT5_Gold"/>
			<property name="CustomIconTint" value="FFC107"/>
			<property name="TintColor" value="FFC107"/>
		</block>
		<block name="TMO_HardenedChestInsecureT5_Gold">
			<property name="Extends" value="TMO_HardenedChestInsecureT5_Player"/>
			<property name="CustomIconTint" value="FFC107"/>
			<property name="TintColor" value="FFC107"/>
		</block>
		<block name="TMO_HardenedChestSecureT5_FieryRed">
			<property name="Extends" value="TMO_HardenedChestSecureT5_Player"/>
			<property name="DowngradeBlock" value="TMO_HardenedChestInsecureT5_FieryRed"/>
			<property name="CustomIconTint" value="E64A19"/>
			<property name="TintColor" value="E64A19"/>
		</block>
		<block name="TMO_HardenedChestInsecureT5_FieryRed">
			<property name="Extends" value="TMO_HardenedChestInsecureT5_Player"/>
			<property name="CustomIconTint" value="E64A19"/>
			<property name="TintColor" value="E64A19"/>
		</block>
		<!-- Variant Helper for Hardened Chest T5 -->
		<block name="TMO_HardenedChestVariantHelperT5">
			<property name="ItemTypeIcon" value="star"/>
			<property name="CanPickup" value="true"/>
			<property name="TakeDelay" value="5"/>
			<property name="Stacknumber" value="25"/>
			<property name="SellableToTrader" value="false"/>
			<property name="Extends" value="TMO_HardenedChestSecureT5_Player"/>
			<property name="CreativeMode" value="Player"/>
			<property name="ItemTypeIcon" value="all_blocks"/>
			<property name="DescriptionKey" value="blockVariantHelperGroupDesc"/>
			<property name="PickupJournalEntry" value="shapeMenuTip"/>
			<property name="SelectAlternates" value="true"/>
			<property name="PlaceAltBlockValue" value="TMO_HardenedChestSecureT5_Player,TMO_HardenedChestSecureT5_Orange,TMO_HardenedChestSecureT5_Grey,TMO_HardenedChestSecureT5_Green,TMO_HardenedChestSecureT5_Blue,TMO_HardenedChestSecureT5_Red,TMO_HardenedChestSecureT5_Yellow,TMO_HardenedChestSecureT5_Purple,TMO_HardenedChestSecureT5_Teal,TMO_HardenedChestSecureT5_Pink,TMO_HardenedChestSecureT5_White,TMO_HardenedChestSecureT5_Brown,TMO_HardenedChestSecureT5_Lime,TMO_HardenedChestSecureT5_Navy,TMO_HardenedChestSecureT5_Gold,TMO_HardenedChestSecureT5_FieryRed"/>
			<property name="SortOrder1" value="U200"/>
			<property name="SortOrder2" value="0001"/>
			<property name="Group" value="Decor/Miscellaneous"/>
			<property name="FilterTags" value="MC_building,SC_loot,MC_playerBlocks,SC_playerHelpers"/>
		</block>
	</append>
</config>