<config>
	<append xpath="/recipes">
		<recipe name="TMO_HardenedChestVariantHelperT5" count="1" craft_time="180" craft_area="workbench" tags="workbenchCrafting">
			<ingredient name="resourceMechanicalParts" count="30"/>
			<ingredient name="resourceElectricParts" count="20"/>
			<ingredient name="resourceForgedSteel" count="35"/>
		</recipe>
		<recipe name="TMO_HardenedChestVariantHelper" count="1" craft_time="120" craft_area="workbench" tags="workbenchCrafting">
			<ingredient name="resourceMechanicalParts" count="15"/>
			<ingredient name="resourceElectricParts" count="14"/>
			<ingredient name="resourceForgedSteel" count="25"/>
		</recipe>
	</append>
</config>