<Configs>
<!--	Following makes a Schematic for an item then have that item/recipe unlocked by that Schematic -->

<!-- Create a Schematic for solarbank recipe, then in the blocks.xml makes the recipe so it need this Schematic to unlock.-->
	<append xpath="/items">
		<item name="solarbankschematic">
			<property name="Extends" value="schematicMaster"/>
			<property name="CreativeMode" value="Player"/>
			<property name="CustomIcon" value="solarbank"/>
			<property name="Unlocks" value="solarbank"/>
			<effect_group tiered="false">
				<triggered_effect trigger="onSelfPrimaryActionEnd" action="ModifyCVar" cvar="solarbank" operation="set" value="1"/>
				<triggered_effect trigger="onSelfPrimaryActionEnd" action="GiveExp" exp="50"/>
			</effect_group>
		</item>
	</append>

<!-- Create a Schematic for solarCell recipe, then below makes the recipe so it need this Schematic to unlock.-->
	<append xpath="/items">
		<item name="solarcellschematic">
		<property name="Extends" value="schematicMaster"/>
		<property name="CreativeMode" value="Player"/>
		<property name="CustomIcon" value="solarCell"/>
		<property name="Unlocks" value="solarCell"/>
		<effect_group tiered="false">
			<triggered_effect trigger="onSelfPrimaryActionEnd" action="ModifyCVar" cvar="solarCell" operation="set" value="1"/>
			<triggered_effect trigger="onSelfPrimaryActionEnd" action="GiveExp" exp="50"/>
		</effect_group>
		</item>
	</append>

<!-- Makes the solarCell recipe unlocked by an Schematic and the perk Advanced Engineering --> 
  <append xpath="/items/item[@name='solarCell']">
    <property name="UnlockedBy" value="solarcellschematic,perkAdvancedEngineering"/>
  </append>
  
</Configs>