<config>
	<append xpath="/blocks">
		<block name="TMO_AdvancedAutoMiner">
			<property name="ItemTypeIcon" value="star"/>
			<property name="CanPickup" value="true"/>
			<property name="TakeDelay" value="1"/>
			<property name="CustomIcon" value="controlPanelBase01"/>
			<property name="CustomIconTint" value="112,128,144"/>
			<property name="TintColor" value="112,128,144"/>
			<property name="UnlockedBy" value="craftingWorkstations"/>
			<property name="Class" value="Workstation"/>
			<property name="Material" value="Mmetal"/>
			<property name="MaxDamage" value="25000"/>
			<property name="StabilitySupport" value="true"/>
			<property name="Shape" value="ModelEntity"/>
			<property name="Texture" value="293"/>
			<property name="Path" value="solid"/>
			<property name="Model" value="@:Entities/Industrial/controlPanelBase_01Prefab.prefab"/>
			<property name="DisplayType" value="blockMulti"/>
			<property name="MultiBlockDim" value="1,1,1"/>
			<property name="ImposterDontBlock" value="true"/>
			<property name="Place" value="TowardsPlacerInverted"/>
			<property name="OnlySimpleRotations" value="true"/>
			<property name="IsTerrainDecoration" value="true"/>
			<property name="HeatMapStrength" value="3"/>
			<property name="HeatMapTime" value="500"/>
			<property name="HeatMapFrequency" value="100"/>
			<property name="Stacknumber" value="1"/>
			<property class="Workstation">
				<property name="Modules" value="output"/>
				<property name="CraftingAreaRecipes" value="TMO_AdvancedAutoMiner"/>
			</property>
			<property name="WorkstationIcon" value="ui_game_symbol_mining"/>
			<property name="OpenSound" value="impactdriver"/>
			<property name="CloseSound" value="forge_item_complete"/>
			<property name="WorkstationJournalTip" value="workbenchTip"/>
			<property class="RepairItems">
				<property name="resourceMechanicalParts" value="10"/>
				<property name="resourceForgedSteel" value="5"/>
			</property>
			<drop event="Harvest" name="resourceForgedSteel" count="5" tag="allHarvest"/>
			<drop event="Destroy" count="0"/>
			<drop event="Fall" name="scrapMetalPile" count="1" prob="0.75" stick_chance="1"/>
			<property name="TakeDelay" value="5"/>
			<property name="DescriptionKey" value="TMO_AdvancedAutoMinerDesc"/>
			<property name="EconomicValue" value="0"/>
			<property name="Group" value="Basics,Building"/>
			<property name="SellableToTrader" value="false"/>
			<property name="FilterTags" value="MC_building,SC_electrical"/>
			<property name="SortOrder1" value="00001"/>
		</block>
	</append>
</config>
