<config>
	<append xpath="/items">

				<!-- Custom Bundles -->
		<!-- Stone Resource -->
		<item name="TMO_resourceRockSmallBundle">
			<property name="ItemTypeIcon" value="star"/>
			<property name="Extends" value="resourceRockSmallBundle"/>
			<property name="CustomIcon" value="resourceRock01"/>
			<property name="CustomIconTint" value="A9A9A9"/>
			<property name="Stacknumber" value="1"/>
			<property class="Action0">
				<property name="Create_item" value="resourceRockSmall"/>
				<property name="Create_item_count" value="1000"/>
				<property name="SellableToTrader" value="false"/>
			</property>
		</item>
		<!-- Coal Resource -->
		<item name="TMO_resourceCoalBundle">
			<property name="ItemTypeIcon" value="star"/>
			<property name="Extends" value="resourceRockSmallBundle"/>
			<property name="CustomIcon" value="oreCoalBoulder"/>
			<property name="CustomIconTint" value="1A1A1A"/>
			<property name="Stacknumber" value="1"/>
			<property class="Action0">
				<property name="Create_item" value="resourceCoal"/>
				<property name="Create_item_count" value="1000"/>
				<property name="SellableToTrader" value="false"/>
			</property>
		</item>
		<!-- Nitrate -->
		<item name="TMO_resourceNitrateBundle">
			<property name="ItemTypeIcon" value="star"/>
			<property name="Extends" value="resourceRockSmallBundle"/>
			<property name="CustomIcon" value="orePotassiumNitrateBoulder"/>
			<property name="CustomIconTint" value="D8EFFF"/>
			<property name="Stacknumber" value="1"/>
			<property class="Action0">
				<property name="Create_item" value="resourcePotassiumNitratePowder"/>
				<property name="Create_item_count" value="1000"/>
				<property name="SellableToTrader" value="false"/>
			</property>
		</item>
		<!-- Lead -->
		<item name="TMO_resourceLeadBundle">
			<property name="ItemTypeIcon" value="star"/>
			<property name="Extends" value="resourceRockSmallBundle"/>
			<property name="CustomIcon" value="oreLeadBoulder"/>
			<property name="CustomIconTint" value="D3D3D3"/>
			<property name="Stacknumber" value="1"/>
			<property class="Action0">
				<property name="Create_item" value="resourceScrapLead"/>
				<property name="Create_item_count" value="1000"/>
				<property name="SellableToTrader" value="false"/>
			</property>
		</item>
		<!-- Brass -->
		<item name="TMO_resourceBrassBundle">
			<property name="ItemTypeIcon" value="star"/>
			<property name="Extends" value="resourceRockSmallBundle"/>
			<property name="CustomIcon" value="resourceScrapBrass"/>
			<property name="CustomIconTint" value="B8860B"/>
			<property name="Stacknumber" value="1"/>
			<property name="Group" value="IntResources"/>
			<property class="Action0">
				<property name="Create_item" value="resourceScrapBrass"/>
				<property name="Create_item_count" value="1000"/>
				<property name="SellableToTrader" value="false"/>
			</property>
		</item>
		<!-- Iron -->
		<item name="TMO_resourceIronBundle">
			<property name="ItemTypeIcon" value="star"/>
			<property name="Extends" value="resourceRockSmallBundle"/>
			<property name="CustomIcon" value="oreIronBoulder"/>
			<property name="CustomIconTint" value="B0C4DE"/>
			<property name="Stacknumber" value="1"/>
			<property class="Action0">
				<property name="Create_item" value="resourceScrapIron"/>
				<property name="Create_item_count" value="1000"/>
				<property name="SellableToTrader" value="false"/>
			</property>
		</item>
		<!-- Clay -->
		<item name="TMO_resourceClayLumpBundle">
			<property name="ItemTypeIcon" value="star"/>
			<property name="Extends" value="resourceRockSmallBundle"/>
			<property name="CustomIcon" value="resourceClayLump"/>
			<property name="CustomIconTint" value="C17F5F"/>
			<property name="Stacknumber" value="1"/>
			<property class="Action0">
				<property name="Create_item" value="resourceClayLump"/>
				<property name="Create_item_count" value="1000"/>
				<property name="SellableToTrader" value="false"/>
			</property>
		</item>
		<!-- Oil Shale -->
		<item name="TMO_resourceOilShaleBundle">
			<property name="ItemTypeIcon" value="star"/>
			<property name="Extends" value="resourceRockSmallBundle"/>
			<property name="CustomIcon" value="oreShaleBoulder"/>
			<property name="CustomIconTint" value="4B0082"/>
			<property name="Stacknumber" value="1"/>
			<property name="Group" value="IntResources"/>
			<property class="Action0">
				<property name="Create_item" value="resourceOilShale"/>
				<property name="Create_item_count" value="1000"/>
				<property name="SellableToTrader" value="false"/>
			</property>
		</item>
		<!-- Gold -->
		<item name="TMO_resourceGoldNuggetBundle">
			<property name="ItemTypeIcon" value="star"/>
			<property name="Extends" value="resourceRockSmallBundle"/>
			<property name="CustomIcon" value="resourceGoldNugget"/>
			<property name="CustomIconTint" value="FFD700"/>
			<property name="Stacknumber" value="1"/>
			<property name="Group" value="Special"/>
			<property class="Action0">
				<property name="Create_item" value="resourceGoldNugget"/>
				<property name="Create_item_count" value="4"/>
				<property name="SellableToTrader" value="false"/>
			</property>
		</item>
		<!-- Silver -->
		<item name="TMO_resourceSilverNuggetBundle">
			<property name="ItemTypeIcon" value="star"/>
			<property name="Extends" value="resourceRockSmallBundle"/>
			<property name="CustomIcon" value="resourceSilverNugget"/>
			<property name="CustomIconTint" value="C0C0C0"/>
			<property name="Stacknumber" value="1"/>
			<property name="Group" value="Special"/>
			<property class="Action0">
				<property name="Create_item" value="resourceSilverNugget"/>
				<property name="Create_item_count" value="3"/>
				<property name="SellableToTrader" value="false"/>
			</property>
		</item>
		<!-- Diamond -->
		<item name="TMO_resourceRawDiamondBundle">
			<property name="ItemTypeIcon" value="star"/>
			<property name="Extends" value="resourceRockSmallBundle"/>
			<property name="CustomIcon" value="resourceRawDiamond"/>
			<property name="CustomIconTint" value="00FFFF"/>
			<property name="Stacknumber" value="1"/>
			<property name="Group" value="Special"/>
			<property class="Action0">
				<property name="Create_item" value="resourceRawDiamond"/>
				<property name="Create_item_count" value="2"/>
				<property name="SellableToTrader" value="false"/>
			</property>
		</item>
		
		<!-- ======================================== -->
		<!-- Custom Drill Bits -->
		<!-- ======================================== -->
		<item name="IronDrillBit">
			<property name="SellableToTrader" value="false"/>
			<property name="CreativeMode" value="Player"/>
			<property name="DescriptionKey" value="IronDrillBitDesc"/>
			<property name="UnlockedBy" value="craftingWorkstations"/>
			<property name="HoldType" value="45"/>
			<property name="Meshfile" value="@:Other/Items/Misc/sackPrefab.prefab"/>
			<property name="DropMeshfile" value="@:Other/Items/Misc/sack_droppedPrefab.prefab"/>
			<property name="Material" value="Miron"/>
			<property name="Stacknumber" value="1"/>
			<property name="CustomIconTint" value="183,65,14"/>
			<property name="EconomicValue" value="100"/>
			<property name="CustomIcon" value="meleeToolPickT3Auger"/>
			<property name="Group" value="SpcUpgrades"/>
			<property name="ItemTypeIcon" value="ui_game_symbol_tool"/>
		</item>
		<item name="SteelDrillBit">
			<property name="SellableToTrader" value="false"/>
			<property name="CreativeMode" value="Player"/>
			<property name="DescriptionKey" value="SteelDrillBitDesc"/>
			<property name="UnlockedBy" value="craftingWorkstations"/>
			<property name="HoldType" value="45"/>
			<property name="CustomIconTint" value="169,169,169"/>
			<property name="Meshfile" value="@:Other/Items/Misc/sackPrefab.prefab"/>
			<property name="DropMeshfile" value="@:Other/Items/Misc/sack_droppedPrefab.prefab"/>
			<property name="Material" value="Miron"/>
			<property name="CustomIcon" value="meleeToolPickT3Auger"/>
			<property name="Stacknumber" value="1"/>
			<property name="EconomicValue" value="100"/>
			<property name="Group" value="SpcUpgrades"/>
			<property name="ItemTypeIcon" value="ui_game_symbol_tool"/>
			<effect_group tiered="false">
				<passive_effect name="CraftingTime" operation="perc_add" value="-.111"/>
			</effect_group>
		</item>
		<item name="DiamondDrillBit">
			<property name="SellableToTrader" value="false"/>
			<property name="CreativeMode" value="Player"/>
			<property name="DescriptionKey" value="DiamondDrillBitDesc"/>
			<property name="UnlockedBy" value="craftingWorkstations"/>
			<property name="HoldType" value="45"/>
			<property name="CustomIcon" value="meleeToolPickT3Auger"/>
			<property name="Meshfile" value="@:Other/Items/Misc/sackPrefab.prefab"/>
			<property name="DropMeshfile" value="@:Other/Items/Misc/sack_droppedPrefab.prefab"/>
			<property name="Material" value="Miron"/>
			<property name="Stacknumber" value="1"/>
			<property name="CustomIconTint" value="0,255,255"/>
			<property name="EconomicValue" value="100"/>
			<property name="Group" value="SpcUpgrades"/>
			<property name="ItemTypeIcon" value="ui_game_symbol_tool"/>
			<effect_group tiered="false">
				<passive_effect name="CraftingTime" operation="perc_add" value="-.400"/>
			</effect_group>
		</item>

	</append>
</config>