<configs>
	<!-- Auto Miner and Iron Drill Bit unlocked with Workbench at level 30 -->
	<append xpath="/progression/crafting_skills/crafting_skill[@name='craftingWorkstations']/display_entry[@name_key='workstationsT3-1']">
		<unlock_entry item="TMO_AdvancedAutoMiner" unlock_tier="1"/>
		<unlock_entry item="IronDrillBit" unlock_tier="1"/>
	</append>
	<append xpath="/progression/crafting_skills/crafting_skill[@name='craftingWorkstations']/effect_group">
		<passive_effect name="RecipeTagUnlocked" operation="base_set" level="30,100" value="1" tags="TMO_AdvancedAutoMiner"/>
		<passive_effect name="RecipeTagUnlocked" operation="base_set" level="30,100" value="1" tags="IronDrillBit"/>
	</append>
	<!-- Steel Drill Bit unlocked with Chemistry Station at level 50 -->
	<append xpath="/progression/crafting_skills/crafting_skill[@name='craftingWorkstations']/display_entry[@name_key='workstationsT4']">
		<unlock_entry item="SteelDrillBit" unlock_tier="1"/>
	</append>
	<append xpath="/progression/crafting_skills/crafting_skill[@name='craftingWorkstations']/effect_group">
		<passive_effect name="RecipeTagUnlocked" operation="base_set" level="50,100" value="1" tags="SteelDrillBit"/>
	</append>
	<!-- Diamond Drill Bit unlocked with Crucible at level 75 -->
	<append xpath="/progression/crafting_skills/crafting_skill[@name='craftingWorkstations']/display_entry[@name_key='workstationsT5']">
		<unlock_entry item="DiamondDrillBit" unlock_tier="1"/>
	</append>
	<append xpath="/progression/crafting_skills/crafting_skill[@name='craftingWorkstations']/effect_group">
		<passive_effect name="RecipeTagUnlocked" operation="base_set" level="75,100" value="1" tags="DiamondDrillBit"/>
	</append>
</configs>