<configs>
	<append xpath="/recipes">
		<recipe name="TMO_resourceRockSmallBundle" count="1" craft_area="TMO_AdvancedAutoMiner" craft_time="5000" craft_tool="IronDrillBit">
			<ingredient name="ammoGasCan" count="350"/>
		</recipe>
		<recipe name="TMO_resourceCoalBundle" count="1" craft_area="TMO_AdvancedAutoMiner" craft_time="5000" craft_tool="IronDrillBit">
			<ingredient name="ammoGasCan" count="350"/>
		</recipe>
		<recipe name="TMO_resourceNitrateBundle" count="1" craft_area="TMO_AdvancedAutoMiner" craft_time="5000" craft_tool="IronDrillBit">
			<ingredient name="ammoGasCan" count="350"/>
		</recipe>
		<recipe name="TMO_resourceLeadBundle" count="1" craft_area="TMO_AdvancedAutoMiner" craft_time="5000" craft_tool="IronDrillBit">
			<ingredient name="ammoGasCan" count="350"/>
		</recipe>
		<recipe name="TMO_resourceBrassBundle" count="1" craft_area="TMO_AdvancedAutoMiner" craft_time="5000" craft_tool="SteelDrillBit">
			<ingredient name="ammoGasCan" count="350"/>
		</recipe>
		<recipe name="TMO_resourceIronBundle" count="1" craft_area="TMO_AdvancedAutoMiner" craft_time="5000" craft_tool="IronDrillBit">
			<ingredient name="ammoGasCan" count="350"/>
		</recipe>
		<recipe name="TMO_resourceClayLumpBundle" count="1" craft_area="TMO_AdvancedAutoMiner" craft_time="5000" craft_tool="IronDrillBit">
			<ingredient name="ammoGasCan" count="350"/>
		</recipe>
		<recipe name="TMO_resourceOilShaleBundle" count="1" craft_area="TMO_AdvancedAutoMiner" craft_time="5000" craft_tool="SteelDrillBit">
			<ingredient name="ammoGasCan" count="350"/>
		</recipe>
		<recipe name="TMO_resourceGoldNuggetBundle" count="1" craft_area="TMO_AdvancedAutoMiner" craft_time="5000" craft_tool="DiamondDrillBit">
			<ingredient name="ammoGasCan" count="350"/>
		</recipe>
		<recipe name="TMO_resourceSilverNuggetBundle" count="1" craft_area="TMO_AdvancedAutoMiner" craft_time="5000" craft_tool="DiamondDrillBit">
			<ingredient name="ammoGasCan" count="350"/>
		</recipe>
		<recipe name="TMO_resourceRawDiamondBundle" count="1" craft_area="TMO_AdvancedAutoMiner" craft_time="5000" craft_tool="DiamondDrillBit">
			<ingredient name="ammoGasCan" count="350"/>
		</recipe>
		<!-- ===================================================== -->
		<!-- Drill Bits -->
		<!-- ===================================================== -->
		<!-- Iron Drill -->
		<recipe name="IronDrillBit" count="1" craft_time="150" craft_area="TMO_AdvancedAutoMiner" tags="workbenchCrafting,learnable">
			<ingredient name="resourceForgedIron" count="15"/>
			<ingredient name="resourceMechanicalParts" count="20"/>
			<ingredient name="resourceLegendaryParts" count="1"/>
			<ingredient name="resourceMechanicalParts" count="50"/>
		</recipe>
		<!-- Steel Drill -->
		<recipe name="SteelDrillBit" count="1" craft_time="250" craft_area="TMO_AdvancedAutoMiner" tags="workbenchCrafting,learnable">
			<ingredient name="resourceForgedSteel" count="100"/>
			<ingredient name="resourceMechanicalParts" count="50"/>
			<ingredient name="resourceLegendaryParts" count="2"/>
			<ingredient name="resourceMechanicalParts" count="100"/>
		</recipe>
		<!-- Diamond Drill -->
		<recipe name="DiamondDrillBit" count="1" craft_time="350" craft_area="TMO_AdvancedAutoMiner" tags="workbenchCrafting,learnable">
			<ingredient name="resourceForgedSteel" count="150"/>
			<ingredient name="resourceMechanicalParts" count="80"/>
			<ingredient name="resourceLegendaryParts" count="3"/>
			<ingredient name="resourceMechanicalParts" count="150"/>
			<ingredient name="resourceRawDiamond" count="1"/>
		</recipe>
		<!-- ===================================================== -->
		<!-- Auto Miner -->
		<!-- ===================================================== -->
		<recipe name="TMO_AdvancedAutoMiner" count="1" craft_time="300" craft_area="workbench" tags="workbenchCrafting,craftingWorkstations,learnable">
			<ingredient name="resourceForgedIron" count="250"/>
			<ingredient name="resourceLegendaryParts" count="6"/>
			<ingredient name="resourceMechanicalParts" count="102"/>
		</recipe>
	</append>
</configs>
