<?xml version="1.0" encoding="UTF-8"?>
<configs>
	<append xpath="/ui_display_info/crafting_category_display">
		<crafting_category_list display_type="TMO_AdvancedAutoMiner">
			<crafting_category name="Resources" icon="ui_game_symbol_scrap" display_name="Standard Resources"/>
			<crafting_category name="IntResources" icon="ui_game_symbol_mining" display_name="Intermediate Resources"/>
			<crafting_category name="Special" icon="ui_game_symbol_treasure" display_name="Specialized Resources"/>
			<crafting_category name="SpcUpgrades" icon="ui_game_symbol_coin" display_name="Upgrades"/>
		</crafting_category_list>
	</append>
</configs>
