<blocks>

	<!--Player frameShape block-->
	<append xpath="/blocks">
		<block name="FoundationStarterBlock" shapes="All">
			<property name="DescriptionKey" value="FoundationStarterBlockDesc"/>
			<property name="Shape" value="New"/>
			<property name="Material" value="MFoundation"/>
			<property name="Texture" value="65"/>
			<property name="UiBackgroundTexture" value="65"/>
			<property name="EconomicValue" value="10"/>
			<property name="EconomicBundleSize" value="20"/>
			<property name="FuelValue" value="100"/>
			<property name="CanPickup" value="true"/>
			<property class="RepairItems">
				<property name="resourceWood" value="3"/>
			</property>
			<drop event="Harvest" name="resourceWood" count="1" tag="allHarvest,lumberjackHarvest,perkJunkMiner"/>
			<drop event="Harvest" name="resourceClayLump" count="1" tag="allHarvest,perkJunkMiner"/>
			<drop event="Destroy" count="0"/>
			<drop event="Fall" name="terrDestroyedWoodDebris" count="1" prob="0.75" stick_chance="1"/>				
			<property class="UpgradeBlock">
				<property name="ToBlock" value="FoundationStarterTransition"/>
				<property name="Item" value="resourceWood"/>
				<property name="ItemCount" value="1"/>
				<property name="UpgradeHitCount" value="1"/>
			</property>
			<property name="UpgradeSound" value="place_block_wood"/>
			<property name="SoundPickup" value="buildingblock_grab"/>
			<property name="SoundPlace" value="buildingblock_place"/>
			<property name="SortOrder1" value="S071"/>
			<property name="Tags" value="wood"/>
			<property name="Group" value="Basics,Building,advBuilding"/>
			<property name="FilterTags" value="MC_Shapes"/>
		</block>
	</append>

	<append xpath="/blocks">
		<block name="FoundationStarterTransition" shapes="All">
			<property name="DescriptionKey" value="FoundationStarterTransitionDesc"/>
			<property name="Shape" value="Terrain"/>
			<property name="Mesh" value="terrain"/>
			<property name="Material" value="MTransition"/>
			<property name="Texture" value="65"/>
			<property name="UiBackgroundTexture" value="65"/>
			<property name="EconomicValue" value="10"/>
			<property name="EconomicBundleSize" value="20"/>
			<property name="FuelValue" value="100"/>
			<property name="CanPickup" value="false"/>
			<property class="RepairItems">
				<property name="resourceWood" value="3"/>
			</property>
			<drop event="Harvest" name="resourceWood" count="1" tag="allHarvest,lumberjackHarvest,perkJunkMiner"/>
			<drop event="Harvest" name="resourceClayLump" count="1" tag="allHarvest,perkJunkMiner"/>
			<drop event="Destroy" count="0"/>
			<drop event="Fall" name="terrDestroyedWoodDebris" count="1" prob="0.75" stick_chance="1"/>				
			<property class="UpgradeBlock">
				<property name="ToBlock" value="woodShapes"/>
				<property name="Item" value="resourceWood"/>
				<property name="ItemCount" value="7"/>
				<property name="UpgradeHitCount" value="1"/>
			</property>
			<property name="UpgradeSound" value="place_block_wood"/>
			<property name="SoundPickup" value="buildingblock_grab"/>
			<property name="SoundPlace" value="buildingblock_place"/>
			<property name="SortOrder1" value="S072"/>
			<property name="Tags" value="wood"/>
			<property name="Group" value="Basics,Building,advBuilding"/>
			<property name="FilterTags" value="MC_Shapes"/>
		</block>
	</append>

</blocks>