<materials>

	<append xpath="/materials">
		<material id="MFoundation">
			<property name="damage_category" value="wood"/>
			<property name="surface_category" value="wood"/>
			<property name="forge_category" value="wood"/>
			<property name="Hardness" type="float" value="1"/>
			<property name="stepsound" value="wood"/>
			<property name="stability_glue" value="40"/>
			<property name="Mass" type="int" value="5"/>
			<property name="MaxDamage" value="100"/>
			<property name="Experience" value="1"/>
		</material>
		<material id="MTransition">
			<property name="damage_category" value="wood"/>
			<property name="surface_category" value="wood"/>
			<property name="forge_category" value="wood"/>
			<property name="Hardness" type="float" value="1"/>
			<property name="stepsound" value="wood"/>
			<property name="stability_glue" value="40"/>
			<property name="Mass" type="int" value="5"/>
			<property name="MaxDamage" value="100"/>
			<property name="Experience" value="1"/>
		</material>
	</append>
	
</materials>